{"data":[[-1.0,-1.0,-1.0],[-1.0,0.0,-1.0],[-1.0,-1.0,-1.0]],"mask":[[0.111111112,0.111111112,0.111111112],[0.111111112,0.111111112,0.111111112],[0.111111112,0.111111112,0.111111112]],"aggBytes":null,"sumBytes":null,"displayBytes":null,"constrainBytes":null,"w":3,"h":3,"mW":3,"mH":3}
